name	pool	seq	length	%gc	tm (use 65)
mb_tuni_12_ont_phos_bc01	ont-iav	AAGAAAGTTGTCGGTGTCTTTGTGAGCAAAAGCAGG	36	44.4	57
mb_tuni_12_ont_phos_bc02	ont-iav	TCGATTCCGTTTGTAGTCGTCTGTAGCAAAAGCAGG	36	47.2	57
mb_tuni_12_ont_phos_bc03	ont-iav	GAGTCTTGTGTCCCAGTTACCAGGAGCAAAAGCAGG	36	52.8	57
mb_tuni_12_ont_phos_bc04	ont-iav	TTCGGATTCTATCGTGTTTCCCTAAGCAAAAGCAGG	36	44.4	57
mb_tuni_12_ont_phos_bc05	ont-iav	CTTGTCCAGGGTTTGTGTAACCTTAGCAAAAGCAGG	36	47.2	57
mb_tuni_12_ont_phos_bc06	ont-iav	TTCTCGCAAAGGCAGAAAGTAGTCAGCAAAAGCAGG	36	47.2	57
mb_tuni_12_ont_phos_bc07	ont-iav	GTGTTACCGTGGGAATGAATCCTTAGCAAAAGCAGG	36	47.2	57
mb_tuni_12_ont_phos_bc08	ont-iav	TTCAGGGAACAAACCAAGTTACGTAGCAAAAGCAGG	36	44.4	57
mb_tuni_12_ont_phos_bc09	ont-iav	AACTAGGCACAGCGAGTCTTGGTTAGCAAAAGCAGG	36	50	57
mb_tuni_12_ont_phos_bc10	ont-iav	AAGCGTTGAAACCTTTGTCCTCTCAGCAAAAGCAGG	36	47.2	57
mb_tuni_12_ont_phos_bc11	ont-iav	GTTTCATCTATCGGAGGGAATGGAAGCAAAAGCAGG	36	47.2	57
mb_tuni_12_ont_phos_bc12	ont-iav	CAGGTAGAAAGAAGCAGAATCGGAAGCAAAAGCAGG	36	47.2	57
mb_tuni_12_ont_phos_bc13	ont-iav	ACGCGTGATCAGCAAAAGCAGG	22	54.5	57
mb_tuni_13_ont_phos_bc01	ont-iav	ACGCGTGATCAGTAGAAACAAGG	23	47.8	57
mb_tuni_13_ont_phos_bc02	ont-iav	CACAAAGACACCGACAACTTTCTTTAGAAACAAGG	35	40	57
mb_tuni_13_ont_phos_bc03	ont-iav	ACAGACGACTACAAACGGAATCGATAGAAACAAGG	35	42.9	57
mb_tuni_13_ont_phos_bc04	ont-iav	CCTGGTAACTGGGACACAAGACTCTAGAAACAAGG	35	48.6	57
mb_tuni_13_ont_phos_bc05	ont-iav	TAGGGAAACACGATAGAATCCGAATAGAAACAAGG	35	40	57
mb_tuni_13_ont_phos_bc06	ont-iav	AAGGTTACACAAACCCTGGACAAGTAGAAACAAGG	35	42.9	57
mb_tuni_13_ont_phos_bc07	ont-iav	GACTACTTTCTGCCTTTGCGAGAATAGAAACAAGG	35	42.9	57
mb_tuni_13_ont_phos_bc08	ont-iav	AAGGATTCATTCCCACGGTAACACTAGAAACAAGG	35	42.9	57
mb_tuni_13_ont_phos_bc09	ont-iav	ACGTAACTTGGTTTGTTCCCTGAATAGAAACAAGG	35	40	57
mb_tuni_13_ont_phos_bc10	ont-iav	AACCAAGACTCGCTGTGCCTAGTTTAGAAACAAGG	35	45.7	57
mb_tuni_13_ont_phos_bc11	ont-iav	GAGAGGACAAAGGTTTCAACGCTTTAGAAACAAGG	35	42.9	57
mb_tuni_13_ont_phos_bc12	ont-iav	TCCATTCCCTCCGATAGATGAAACTAGAAACAAGG	35	42.9	57
mb_tuni_13_ont_phos_bc13	ont-iav	TCCGATTCTGCTTCTTTCTACCTGTAGAAACAAGG	35	42.9	57
